hello,"carry","pattern","fourth","whatever","easier"
"environment","managed","valley","potatoes","there","century"
"his","soft","breathing","gun","barn","completely"
"community","block","along","telephone","jar","play"
"present","attention","factor","swung","path","at"
"practical","form","port","actual","bottom","hot"
"however","great","soil","captured","tribe","beyond"
hello,"carry","pattern","fourth","whatever","easier"
"environment","managed","valley","potatoes","there","century"
"his","soft","breathing","gun","barn","completely"
"community","block","along","telephone","jar","play"
"present","attention","factor","swung","path","at"
"practical","form","port","actual","bottom","hot"
"however","great","soil","captured","tribe","beyond"
hello,"carry","pattern","fourth","whatever","easier"
"environment","managed","valley","potatoes","there","century"
"his","soft","breathing","gun","barn","completely"
"community","block","along","telephone","jar","play"
"present","attention","factor","swung","path","at"